current_path,class_name,extends,abstract,final,interface,referenced_by_string_in_files
"C:\Apache24\htdocs\piwigo16/include/Logger.class.php",Logger,,0,0,0,"C:\Apache24\htdocs\piwigo16/admin\include\functions.php"
"C:\Apache24\htdocs\piwigo16/include/base32.class.php",PwgBase32,,0,0,0,
"C:\Apache24\htdocs\piwigo16/include/block.class.php",BlockManager,,0,0,0,"C:\Apache24\htdocs\piwigo16/include\block.class.php"
"C:\Apache24\htdocs\piwigo16/include/block.class.php",RegisteredBlock,,0,0,0,
"C:\Apache24\htdocs\piwigo16/include/block.class.php",DisplayBlock,,0,0,0,
"C:\Apache24\htdocs\piwigo16/include/cache.class.php",PersistentCache,,1,0,0,
"C:\Apache24\htdocs\piwigo16/include/cache.class.php",PersistentFileCache,PersistentCache,0,0,0,
"C:\Apache24\htdocs\piwigo16/include/calendar_base.class.php",CalendarBase,,1,0,0,
"C:\Apache24\htdocs\piwigo16/include/calendar_monthly.class.php",CalendarMonthly,CalendarBase,0,0,0,"C:\Apache24\htdocs\piwigo16/include\functions_calendar.inc.php"
"C:\Apache24\htdocs\piwigo16/include/calendar_weekly.class.php",CalendarWeekly,CalendarBase,0,0,0,"C:\Apache24\htdocs\piwigo16/include\functions_calendar.inc.php"
"C:\Apache24\htdocs\piwigo16/include/emogrifier.class.php",Emogrifier,,0,0,0,
"C:\Apache24\htdocs\piwigo16/include/feedcreator.class.php",FeedItem,HtmlDescribable,0,0,0,
"C:\Apache24\htdocs\piwigo16/include/feedcreator.class.php",EnclosureItem,HtmlDescribable,0,0,0,
"C:\Apache24\htdocs\piwigo16/include/feedcreator.class.php",FeedImage,HtmlDescribable,0,0,0,
"C:\Apache24\htdocs\piwigo16/include/feedcreator.class.php",HtmlDescribable,,0,0,0,
"C:\Apache24\htdocs\piwigo16/include/feedcreator.class.php",FeedHtmlField,,0,0,0,
"C:\Apache24\htdocs\piwigo16/include/feedcreator.class.php",UniversalFeedCreator,FeedCreator,0,0,0,
"C:\Apache24\htdocs\piwigo16/include/feedcreator.class.php",FeedCreator,HtmlDescribable,0,0,0,
"C:\Apache24\htdocs\piwigo16/include/feedcreator.class.php",FeedDate,,0,0,0,
"C:\Apache24\htdocs\piwigo16/include/feedcreator.class.php",RSSCreator10,FeedCreator,0,0,0,
"C:\Apache24\htdocs\piwigo16/include/feedcreator.class.php",RSSCreator091,FeedCreator,0,0,0,
"C:\Apache24\htdocs\piwigo16/include/feedcreator.class.php",RSSCreator20,RSSCreator091,0,0,0,
"C:\Apache24\htdocs\piwigo16/include/feedcreator.class.php",PIECreator01,FeedCreator,0,0,0,
"C:\Apache24\htdocs\piwigo16/include/feedcreator.class.php",AtomCreator10,FeedCreator,0,0,0,
"C:\Apache24\htdocs\piwigo16/include/feedcreator.class.php",AtomCreator03,FeedCreator,0,0,0,
"C:\Apache24\htdocs\piwigo16/include/feedcreator.class.php",MBOXCreator,FeedCreator,0,0,0,
"C:\Apache24\htdocs\piwigo16/include/feedcreator.class.php",OPMLCreator,FeedCreator,0,0,0,
"C:\Apache24\htdocs\piwigo16/include/feedcreator.class.php",HTMLCreator,FeedCreator,0,0,0,
"C:\Apache24\htdocs\piwigo16/include/feedcreator.class.php",JSCreator,HTMLCreator,0,0,0,
"C:\Apache24\htdocs\piwigo16/include/jshrink.class.php",Minifier,,0,0,0,
"C:\Apache24\htdocs\piwigo16/include/passwordhash.class.php",PasswordHash,,0,0,0,
"C:\Apache24\htdocs\piwigo16/include/pwgsession.class.php",PwgSession,,0,0,0,
"C:\Apache24\htdocs\piwigo16/include/pwgsession_php7.class.php",PwgSession,,0,0,0,
"C:\Apache24\htdocs\piwigo16/include/template.class.php",Template,,0,0,0,"C:\Apache24\htdocs\piwigo16/include\template.class.php"
"C:\Apache24\htdocs\piwigo16/include/template.class.php",PwgTemplateAdapter,,0,0,0,
"C:\Apache24\htdocs\piwigo16/include/template.class.php",Combinable,,0,0,0,
"C:\Apache24\htdocs\piwigo16/include/template.class.php",Script,Combinable,0,1,0,
"C:\Apache24\htdocs\piwigo16/include/template.class.php",Css,Combinable,0,1,0,
"C:\Apache24\htdocs\piwigo16/include/template.class.php",CssLoader,,0,0,0,"C:\Apache24\htdocs\piwigo16/include\template.class.php"
"C:\Apache24\htdocs\piwigo16/include/template.class.php",ScriptLoader,,0,0,0,"C:\Apache24\htdocs\piwigo16/include\template.class.php"
"C:\Apache24\htdocs\piwigo16/include/template.class.php",FileCombiner,,0,1,0,
"C:\Apache24\htdocs\piwigo16/include/totp.class.php",PwgTOTP,,0,0,0,
"C:\Apache24\htdocs\piwigo16/include/derivative.inc.php",SrcImage,,0,1,0,
"C:\Apache24\htdocs\piwigo16/include/derivative.inc.php",DerivativeImage,,0,1,0,
"C:\Apache24\htdocs\piwigo16/include/derivative_params.inc.php",ImageRect,,0,1,0,
"C:\Apache24\htdocs\piwigo16/include/derivative_params.inc.php",SizingParams,,0,1,0,
"C:\Apache24\htdocs\piwigo16/include/derivative_params.inc.php",DerivativeParams,,0,1,0,
"C:\Apache24\htdocs\piwigo16/include/derivative_std_params.inc.php",WatermarkParams,,0,1,0,
"C:\Apache24\htdocs\piwigo16/include/derivative_std_params.inc.php",ImageStdParams,,0,1,0,
"C:\Apache24\htdocs\piwigo16/include/functions_plugins.inc.php",PluginMaintain,,0,0,0,
"C:\Apache24\htdocs\piwigo16/include/functions_plugins.inc.php",ThemeMaintain,,0,0,0,
"C:\Apache24\htdocs\piwigo16/include/functions_search.inc.php",QSearchScope,,0,0,0,
"C:\Apache24\htdocs\piwigo16/include/functions_search.inc.php",QNumericRangeScope,QSearchScope,0,0,0,
"C:\Apache24\htdocs\piwigo16/include/functions_search.inc.php",QDateRangeScope,QSearchScope,0,0,0,
"C:\Apache24\htdocs\piwigo16/include/functions_search.inc.php",QSingleToken,,0,0,0,
"C:\Apache24\htdocs\piwigo16/include/functions_search.inc.php",QMultiToken,,0,0,0,
"C:\Apache24\htdocs\piwigo16/include/functions_search.inc.php",QExpression,QMultiToken,0,0,0,
"C:\Apache24\htdocs\piwigo16/include/functions_search.inc.php",QResults,,0,0,0,
"C:\Apache24\htdocs\piwigo16/include/ws_core.inc.php",PwgError,,0,0,0,
"C:\Apache24\htdocs\piwigo16/include/ws_core.inc.php",PwgNamedArray,,0,0,0,
"C:\Apache24\htdocs\piwigo16/include/ws_core.inc.php",PwgNamedStruct,,0,0,0,
"C:\Apache24\htdocs\piwigo16/include/ws_core.inc.php",PwgRequestHandler,,1,0,0,
"C:\Apache24\htdocs\piwigo16/include/ws_core.inc.php",PwgResponseEncoder,,1,0,0,
"C:\Apache24\htdocs\piwigo16/include/ws_core.inc.php",PwgServer,,0,0,0,"C:\Apache24\htdocs\piwigo16/include\ws_core.inc.php"
"C:\Apache24\htdocs\piwigo16/include/ws_protocols/json_encoder.php",PwgJsonEncoder,PwgResponseEncoder,0,0,0,
"C:\Apache24\htdocs\piwigo16/include/ws_protocols/php_encoder.php",PwgSerialPhpEncoder,PwgResponseEncoder,0,0,0,
"C:\Apache24\htdocs\piwigo16/include/ws_protocols/rest_encoder.php",PwgXmlWriter,,0,0,0,
"C:\Apache24\htdocs\piwigo16/include/ws_protocols/rest_encoder.php",PwgRestEncoder,PwgResponseEncoder,0,0,0,
"C:\Apache24\htdocs\piwigo16/include/ws_protocols/rest_handler.php",PwgRestRequestHandler,PwgRequestHandler,0,0,0,
"C:\Apache24\htdocs\piwigo16/include/ws_protocols/xmlrpc_encoder.php",PwgXmlRpcEncoder,PwgResponseEncoder,0,0,0,
"C:\Apache24\htdocs\piwigo16/admin/include/c13y_internal.class.php",c13y_internal,,0,0,0,
"C:\Apache24\htdocs\piwigo16/admin/include/check_integrity.class.php",check_integrity,,0,0,0,"C:\Apache24\htdocs\piwigo16/admin\include\check_integrity.class.php"
"C:\Apache24\htdocs\piwigo16/admin/include/image.class.php",imageInterface,,0,0,1,
"C:\Apache24\htdocs\piwigo16/admin/include/image.class.php",pwg_image,,0,0,0,
"C:\Apache24\htdocs\piwigo16/admin/include/image.class.php",image_imagick,,0,0,0,
"C:\Apache24\htdocs\piwigo16/admin/include/image.class.php",image_ext_imagick,,0,0,0,
"C:\Apache24\htdocs\piwigo16/admin/include/image.class.php",image_gd,,0,0,0,
"C:\Apache24\htdocs\piwigo16/admin/include/languages.class.php",languages,,0,0,0,"C:\Apache24\htdocs\piwigo16/admin.php|C:\Apache24\htdocs\piwigo16/admin\include\add_core_tabs.inc.php|C:\Apache24\htdocs\piwigo16/admin\include\functions.php|C:\Apache24\htdocs\piwigo16/admin\include\functions_upgrade.php|C:\Apache24\htdocs\piwigo16/admin\include\updates.class.php|C:\Apache24\htdocs\piwigo16/admin\languages.php|C:\Apache24\htdocs\piwigo16/admin\languages_installed.php|C:\Apache24\htdocs\piwigo16/admin\languages_new.php|C:\Apache24\htdocs\piwigo16/include\constants.php|C:\Apache24\htdocs\piwigo16/include\ws_functions\pwg.extensions.php|C:\Apache24\htdocs\piwigo16/install\db\103-database.php"
"C:\Apache24\htdocs\piwigo16/admin/include/plugins.class.php",DummyPlugin_maintain,PluginMaintain,0,0,0,
"C:\Apache24\htdocs\piwigo16/admin/include/plugins.class.php",plugins,,0,0,0,"C:\Apache24\htdocs\piwigo16/admin.php|C:\Apache24\htdocs\piwigo16/admin\include\add_core_tabs.inc.php|C:\Apache24\htdocs\piwigo16/admin\include\functions_upgrade.php|C:\Apache24\htdocs\piwigo16/admin\include\updates.class.php|C:\Apache24\htdocs\piwigo16/admin\plugins.php|C:\Apache24\htdocs\piwigo16/admin\plugins_installed.php|C:\Apache24\htdocs\piwigo16/admin\plugins_new.php|C:\Apache24\htdocs\piwigo16/include\constants.php|C:\Apache24\htdocs\piwigo16/include\functions.inc.php|C:\Apache24\htdocs\piwigo16/include\ws_functions\pwg.extensions.php|C:\Apache24\htdocs\piwigo16/install\db\103-database.php|C:\Apache24\htdocs\piwigo16/install\db\65-database.php|C:\Apache24\htdocs\piwigo16/upgrade.php"
"C:\Apache24\htdocs\piwigo16/admin/include/tabsheet.class.php",tabsheet,,0,0,0,"C:\Apache24\htdocs\piwigo16/admin\include\tabsheet.class.php"
"C:\Apache24\htdocs\piwigo16/admin/include/themes.class.php",DummyTheme_maintain,ThemeMaintain,0,0,0,
"C:\Apache24\htdocs\piwigo16/admin/include/themes.class.php",themes,,0,0,0,"C:\Apache24\htdocs\piwigo16/admin.php|C:\Apache24\htdocs\piwigo16/admin\extend_for_templates.php|C:\Apache24\htdocs\piwigo16/admin\include\add_core_tabs.inc.php|C:\Apache24\htdocs\piwigo16/admin\include\functions.php|C:\Apache24\htdocs\piwigo16/admin\include\functions_install.inc.php|C:\Apache24\htdocs\piwigo16/admin\include\functions_upgrade.php|C:\Apache24\htdocs\piwigo16/admin\include\updates.class.php|C:\Apache24\htdocs\piwigo16/admin\themes.php|C:\Apache24\htdocs\piwigo16/admin\themes_installed.php|C:\Apache24\htdocs\piwigo16/admin\themes_new.php|C:\Apache24\htdocs\piwigo16/admin\themes_standard_pages.php|C:\Apache24\htdocs\piwigo16/include\common.inc.php|C:\Apache24\htdocs\piwigo16/include\config_default.inc.php|C:\Apache24\htdocs\piwigo16/include\constants.php|C:\Apache24\htdocs\piwigo16/include\functions.inc.php|C:\Apache24\htdocs\piwigo16/include\functions_mail.inc.php|C:\Apache24\htdocs\piwigo16/include\no_photo_yet.inc.php|C:\Apache24\htdocs\piwigo16/include\template.class.php|C:\Apache24\htdocs\piwigo16/include\ws_functions\pwg.extensions.php|C:\Apache24\htdocs\piwigo16/install\db\103-database.php|C:\Apache24\htdocs\piwigo16/upgrade.php"
"C:\Apache24\htdocs\piwigo16/admin/include/updates.class.php",updates,,0,0,0,"C:\Apache24\htdocs\piwigo16/admin.php|C:\Apache24\htdocs\piwigo16/admin\include\add_core_tabs.inc.php|C:\Apache24\htdocs\piwigo16/admin\include\functions.php|C:\Apache24\htdocs\piwigo16/admin\include\updates.class.php|C:\Apache24\htdocs\piwigo16/admin\updates.php|C:\Apache24\htdocs\piwigo16/admin\updates_ext.php|C:\Apache24\htdocs\piwigo16/include\functions.inc.php"
